dataset,metric,scPRINT-1 ZS raw hierarchy,scPRINT-2 ZS cluster raw hierarchy,scPRINT-2 kNN-50 full-no-assay,scPRINT-2 FT raw hierarchy,scGPT kNN-10,SCimilarity kNN-50,SCimilarity atlas Hungarian
dkd,accuracy,0.466275104,0.598522167,0.939370974,0.956991285,0.8486,0.9553,0.8869
dkd,f1_macro,0.399595418,0.500000000,0.867409383,0.867663800,0.5239,0.9292,0.6233
dkd,f1_weighted,0.435030059,0.598522167,0.937579251,0.936948499,0.8339,0.9556,0.8655
gtex_v9,accuracy,0.489833160,0.526850886,0.832203684,0.928658325,0.6234,0.8253,0.6665
gtex_v9,f1_macro,0.554562122,0.468316465,0.391347760,0.811955327,0.2534,0.4563,0.3254
gtex_v9,f1_weighted,0.454210529,0.522522197,0.826180501,0.899342653,0.6375,0.8386,0.6504
hypomap,accuracy,0.952554745,0.996350365,0.996350365,0.997262774,NA,NA,NA
hypomap,f1_macro,0.660743777,0.881197910,0.987779315,0.884367747,NA,NA,NA
hypomap,f1_weighted,0.945139758,0.994582470,0.996311277,0.995912724,NA,NA,NA
mouse_pancreas_atlas,accuracy,0.787628429,0.977121068,0.967167973,0.986336193,NA,NA,NA
mouse_pancreas_atlas,f1_macro,0.710206788,0.766458600,0.780616946,0.881928818,NA,NA,NA
mouse_pancreas_atlas,f1_weighted,0.710414810,0.973804356,0.960282250,0.980320264,NA,NA,NA
