Task,Method,Raw.Batch.Mean,Raw.Bio.Mean,Raw.Overall,Batch.ARI,Batch.ASW,Graph.iLISI,Batch.NMI,kBET,PCR.batch,Graph.connectivity,Cell.type.ARI,Cell.type.ASW,Graph.cLISI,Cell.type.NMI,HVG.conservation,Trajectory.conservation
task3,SATURN,0.561,0.85175,0.73545,0.925,0.489,0.125,0.794,0.055,0.916,0.906,0.786,0.807,0.997,0.971,,0.653
task3,scGen,0.6360000000000001,0.778,0.7212000000000001,1.0,0.486,0.227,0.875,0.165,0.925,0.913,0.649,0.596,0.988,0.765,0.388,0.71
task3,Seurat v4 CCA,0.6046,0.6884999999999999,0.65494,0.917,0.484,0.225,0.844,0.133,0.89,0.904,0.514,0.578,0.967,0.574,0.302,0.699
task3,scVI,0.5994,0.6892499999999999,0.65331,0.928,0.5,0.229,0.833,0.093,0.982,0.914,0.497,0.51,0.947,0.549,,0.764
task3,SAMap,0.5768,0.6955,0.64802,1.0,,0.007,0.913,0.221,,0.743,0.688,,0.976,0.62,,0.498
task3,scVI-rerun,0.6056382523033236,0.6603989103529236,0.6384946471330836,0.9152104647626611,0.4993759939665324,0.25912452969462335,0.8431331893997827,0.1060349834431475,0.9875348196542534,0.9046880942164028,0.467355543645025,0.5090740015264601,0.9476923844152321,0.5551258198111402,,0.6714218935402974
task3,Scanorama,0.549,0.6615,0.6165,0.79,0.487,0.268,0.758,0.087,0.931,0.842,0.477,0.563,0.963,0.536,0.035,0.67
task3,BBKNN,0.49319999999999997,0.6885,0.6103799999999999,0.661,,0.113,0.816,0.052,,0.824,0.423,,0.985,0.555,,0.791
task3,fastMNN,0.48439999999999994,0.661,0.59036,0.723,0.482,0.091,0.698,0.025,0.858,0.885,0.435,0.523,0.96,0.541,0.9,0.708
task3,Harmony,0.469,0.6305000000000001,0.5659000000000001,0.697,0.445,0.058,0.698,0.028,0.7,0.864,0.385,0.513,0.963,0.535,,0.639
task3,TranscriptFormer-Metazoa,0.4493132656432307,0.5862942359503177,0.5315018478274829,0.7434115782782811,0.4557162931188941,0.01733040305910632,0.5891929061739256,0.0089996947931987,0.6061925789086788,0.8876317459116416,0.313251620570045,0.5093473959947005,0.9643737704777071,0.5386452509856382,,0.5289063017678807
task3,scPRINT-2-FT-token-concat-pca50,0.39877439284233207,0.6102725289362401,0.5256732744986768,0.647836520707191,0.4471792612224817,0.007968101053781424,0.5175025150859308,0.0016781008750907,0.5962825263735345,0.8188867264896663,0.397592618519783,0.5370876697823406,0.9641343344754766,0.4983205633878737,,0.5810425993618271
task3,scPRINT-2-FT,0.4004392429503743,0.6083810282926416,0.5252043141557348,0.659411629658306,0.4552397014573216,0.010046329216378162,0.5195197977266521,0.0021749204545977,0.6057384452148555,0.8110435376959374,0.387665255819607,0.5332707856781781,0.9651006397330903,0.4997486659805192,,0.5810095516373499
task3,scPRINT-2-FT-cell-token,0.5747052974601932,0.48483200044343244,0.5207813192501367,0.883132682229852,0.4961191201582551,0.22748598747143842,0.8695791577116966,0.0949587001333788,0.993187903213641,0.7983699597545998,0.25031418308958,0.493037036282476,0.9346984802754505,0.4246441509584512,,0.329671187450248
task3,scPRINT-2-cell-token,0.47906440261457883,0.5390311379095007,0.515044443791532,0.8750675803465771,0.4663383193314075,0.0445110539620214,0.6003243255058925,0.0304905788682143,0.7570604564431096,0.8449284743901888,0.210065671119146,0.503415212908294,0.9494348755501794,0.4427978521471362,,0.5538261528215414
task3,scPRINT-2-token-concat-pca50,0.38500735537784053,0.5529373305580617,0.4857653404859732,0.693325271931589,0.3973318077623844,0.008149166985590197,0.4431208276388239,0.0036606403844222,0.1018390081992966,0.7767808699487776,0.172288417098182,0.4808776244521141,0.94103299318029,0.4266022024570559,,0.6718257094967188
task3,scPRINT-2,0.3802461886847264,0.5559583806420134,0.4856735038590986,0.669452849796185,0.4159291956573724,0.006601187551800104,0.4346499017613661,0.0026830323993042,0.3040091913247226,0.7878439719149767,0.20361006335013,0.4790874699130654,0.9392435241303726,0.4148654410645179,,0.6661144940230331
task3,scPRINT-1-cell-token,0.4725963470773734,0.4939737290060555,0.48542277623458263,0.7663340970559049,0.461898542009294,0.11098179056018398,0.6502729168394226,0.0265985434351034,0.7107049609721259,0.8087943874962521,0.184961389103402,0.4974240310781169,0.9065986895757383,0.3250988764563144,,0.5592359608887675
task3,scPRINT-1,0.4700553709674555,0.4541712436847707,0.4605248945978446,0.806693826299172,0.4539737345650792,0.10728403569777804,0.6722452746365772,0.0290094439992715,0.6542605743245199,0.7350442742044788,0.119733134541684,0.4491377376019955,0.8954100425977686,0.2660692567998418,,0.5354725407997883
task3,scPRINT-1-token-concat-pca50,0.4771930122269297,0.44126227129770396,0.45563456766939425,0.82451763957483,0.4595663782209158,0.13684378901815283,0.6887258803595733,0.0413821065279935,0.7223822832021238,0.6944956456540989,0.114544935239698,0.4634038621559739,0.8844974536975395,0.2517397206641523,,0.514266975589426
