Task,Method,Batch.Correction,Bio.conservation,Overall.Score,Batch.ARI,Batch.ASW,Graph.iLISI,Batch.NMI,kBET,PCR.batch,Graph.connectivity,Cell.type.ARI,Cell.type.ASW,Graph.cLISI,Cell.type.NMI,HVG.conservation,Trajectory.conservation
task3,SATURN,0.6304336823168937,0.9058020477815699,0.7956547015956994,0.925,0.489,0.125,0.794,0.055,0.916,0.906,0.786,0.807,0.997,0.971,,0.653
task3,scGen,0.8315386288005647,0.5711802189431772,0.6753235828861321,1.0,0.486,0.227,0.875,0.165,0.925,0.913,0.649,0.596,0.988,0.765,0.388,0.71
task3,Seurat v4 CCA,0.7307014341208392,0.3391298128348194,0.49575846134922735,0.917,0.484,0.225,0.844,0.133,0.89,0.904,0.514,0.578,0.967,0.574,0.302,0.699
task3,SAMap,0.6,0.3826412752522363,0.46958476515134173,1.0,,0.007,0.913,0.221,,0.743,0.688,,0.976,0.62,,0.498
task3,scVI,0.7993352266015704,0.24385233334611306,0.46604549064829603,0.928,0.5,0.229,0.833,0.093,0.982,0.914,0.497,0.51,0.947,0.549,,0.764
task3,scPRINT-2-FT-cell-token-mmd003-knn-fresh-scib113-complete,0.3761291374732298,0.48156063432365703,0.4393880355834861,0.9009958581340616,0.4657897753641009,0.019793914237832732,0.5596313816274088,0.0228523616966359,0.8404181872522826,0.9491391591191192,0.660467109913391,0.656162329018116,0.9766109548188223,0.765545156150239,,0.5295652792797151
task3,BBKNN,0.3343336859949407,0.47515866297558856,0.4188286721833294,0.661,,0.113,0.816,0.052,,0.824,0.423,,0.985,0.555,,0.791
task3,Scanorama,0.6183822149895217,0.2195336511785985,0.3790730767029678,0.79,0.487,0.268,0.758,0.087,0.931,0.842,0.477,0.563,0.963,0.536,0.035,0.67
task3,fastMNN,0.4041435304297353,0.359824056741792,0.37755184621696936,0.723,0.482,0.091,0.698,0.025,0.858,0.885,0.435,0.523,0.96,0.541,0.9,0.708
task3,Harmony,0.18658972886088035,0.1622659358085979,0.1719954530295109,0.697,0.445,0.058,0.698,0.028,0.7,0.864,0.385,0.513,0.963,0.535,,0.639
