score,method,knn,logistic_regression,majority_vote,mlp,naive_bayes,random_labels,scanvi,seurat_transferdata,xgboost,singler,scanvi_scarches,scgpt_zeroshot,scimilarity,scimilarity_knn,scPRINT-1 (zero-shot),scPRINT-2 (zero-shot),scPRINT-2 (fine-tune),scPRINT-2 (knn)
macro_f1,dkd,0.93,0.94,0.04,0.92,0.92,0.08,0.94,0.93,0.92,0.9,0.94,0.52,0.62,0.93,0.399595418,0.5,0.857304256215999,0.867409383
macro_f1,gtex_v9,0.39,0.44,0.01,0.29,0.34,0.01,0.41,0.42,0.33,0.38,0.46,0.25,0.33,0.46,0.554562122,0.468316465,0.784242021760176,0.39134776
macro_f1,hypomap,0.97,0.98,0.08,0.98,0.96,0.07,0.99,0.99,0.98,0.96,0.98,,,,0.660743777,0.88119791,0.87282420347747,0.987779315
macro_f1,mouse_pancreas_atlas,0.84,0.88,0.04,0.84,0.78,0.07,0.88,0.78,0.85,0.0,0.91,,,,0.710206788,0.7664586,0.899434633604979,0.780616946
accuracy,dkd,0.95,0.96,0.3,0.95,0.93,0.18,0.96,0.95,0.96,0.91,0.96,0.85,0.89,0.96,0.466275104,0.598522167,0.938613111026904,0.939370974
accuracy,gtex_v9,0.85,0.88,0.08,0.78,0.76,0.03,0.89,0.84,0.83,0.79,0.88,0.62,0.67,0.83,0.48983316,0.526850886,0.910844629822732,0.832203684
accuracy,hypomap,1.0,1.0,0.45,1.0,0.99,0.32,1.0,1.0,1.0,0.99,1.0,,,,0.952554745,0.996350365,0.99543795620438,0.996350365
accuracy,mouse_pancreas_atlas,0.98,0.98,0.32,0.97,0.95,0.17,0.98,0.97,0.98,0.0,0.98,,,,0.787628429,0.977121068,0.9870776400805,0.967167973
weighted,dkd,0.95,0.96,0.13,0.95,0.93,0.18,0.96,0.95,0.96,0.92,0.96,0.83,0.87,0.96,0.435030059,0.598522167,0.910927446506367,0.937579251
weighted,gtex_v9,0.86,0.89,0.01,0.79,0.79,0.04,0.9,0.85,0.84,0.82,0.89,0.64,0.65,0.84,0.454210529,0.522522197,0.87540916959435,0.826180501
weighted,hypomap,1.0,1.0,0.28,1.0,0.99,0.32,1.0,1.0,1.0,0.99,1.0,,,,0.945139758,0.99458247,0.993234590873332,0.996311277
weighted,mouse_pancreas_atlas,0.97,0.98,0.16,0.97,0.95,0.18,0.98,0.96,0.97,0.0,0.98,,,,0.71041481,0.973804356,0.981093493030016,0.96028225
