dataset,metric,embed_cell_types,embed_cell_types_jittered,shuffle_integration,shuffle_integration_by_batch,shuffle_integration_by_cell_type,no_integration,no_integration_batch,harmonypy,liger,pyliger,scalex,scanorama,scanvi,scvi,batchelor_fastmnn,combat,geneformer,scimilarity,scgpt_zeroshot,uce,TranscriptFormer,scPRINT-1,scPRINT-2,scPRINT-2-FT,scPRINT-2 ZS cell_type
dkd,ari,1.0,1.0,0.0,0.007,0.56,0.6,0.288,0.766,0.746,0.663,0.618,0.23,0.781,0.828,0.76,0.767,0.002,0.71,0.76,0.508,0.497208363609045,0.193545416261226,0.485321796519342,0.913979295179496,0.560586850720523
dkd,asw_batch,0.959,0.957,0.943,0.901,0.933,0.891,0.709,0.905,0.874,0.888,0.858,0.905,0.91,0.917,0.894,0.912,0.474,0.826,0.889,0.929,0.837350904941559,0.886023461818695,0.936991751194,0.863888144493103,0.89445561170578
dkd,asw_label,0.99,0.99,0.495,0.49,0.628,0.628,0.512,0.646,0.63,0.628,0.592,0.501,0.633,0.575,0.666,0.613,0.364,0.711,0.632,0.587,0.594395704567432,0.514676501043141,0.533548340201378,0.737356841564178,0.548897407948971
dkd,cell_cycle_conservation,0.81,0.81,0.067,0.073,0.707,0.825,0.861,0.847,0.601,0.429,0.348,0.382,0.63,0.535,0.857,0.793,0.053,0.694,0.756,0.845,0.839731301456541,0.556303515165202,0.778309632715051,0.848107716311444,0.779734108671986
dkd,clisi,1.0,1.0,0.73,0.742,1.0,1.0,0.997,1.0,0.999,1.0,0.994,0.886,1.0,0.999,1.0,1.0,0.746,1.0,0.999,0.999,0.999679530532667,0.911153130631506,0.996986054082661,1.0,0.982127556566471
dkd,graph_connectivity,1.0,1.0,0.249,0.26,0.97,0.97,0.523,0.977,0.963,0.968,0.928,0.546,0.996,0.981,0.975,0.973,0.011,0.971,0.963,0.957,0.961269047009568,0.909132898094059,0.949332435473067,0.967017517247464,0.934513032746619
dkd,hvg_overlap,,,,,,,,,,,,,,,,,,,,,,,,,
dkd,ilisi,0.435,0.431,0.478,0.076,0.432,0.075,0.008,0.332,0.422,0.424,0.31,0.266,0.315,0.303,0.272,0.164,0.0,0.23,0.227,0.23,0.159563791486636,0.21652911455952,0.102357938862332,0.282350723281332,0.257301317513768
dkd,isolated_label_asw,,,,,,,,,,,,,,,,,,,,,,,,,
dkd,isolated_label_f1,,,,,,,,,,,,,,,,,,,,,,,,,
dkd,kbet,0.949,0.943,0.409,0.011,0.951,0.153,0.095,0.419,0.753,0.767,0.321,0.0,0.252,0.254,0.381,0.169,0.0,0.224,0.235,0.217,0.173603850951575,0.211369131437634,0.122971224172798,0.285091190853758,0.249197447015835
dkd,nmi,1.0,1.0,0.001,0.015,0.761,0.774,0.532,0.823,0.8,0.762,0.699,0.227,0.865,0.85,0.829,0.831,0.032,0.788,0.791,0.723,0.709950995209115,0.325721232237743,0.657315146838261,0.866254733279465,0.607127852250213
dkd,pcr,0.59,0.59,0.998,0.0,0.779,0.0,1.0,0.69,0.814,0.793,1.0,0.559,0.628,0.667,0.534,1.0,0.0,0.177,0.19,0.0,0.0,0.0,0.0,0.613512701550802,0.304724029495132
gtex_v9,ari,1.0,1.0,0.0,0.042,0.697,0.696,0.288,0.627,0.499,0.54,0.531,0.052,0.833,0.705,0.634,0.598,0.056,0.677,0.669,0.686,0.624036555472381,0.573269970502266,0.628660557712569,0.889335135585079,0.638808640045584
gtex_v9,asw_batch,0.984,0.983,0.95,0.895,0.932,0.852,0.695,0.88,0.77,0.782,0.823,0.91,0.873,0.899,0.87,0.858,0.406,0.863,0.906,0.951,0.828749179840088,0.905222952365875,0.945646524429321,0.853729844093323,0.902030885219574
gtex_v9,asw_label,0.979,0.979,0.483,0.449,0.513,0.513,0.436,0.5,0.438,0.464,0.467,0.446,0.624,0.537,0.505,0.501,0.26,0.553,0.514,0.524,0.488930661231279,0.508101903833449,0.514593435451388,0.662230268120766,0.505041035823524
gtex_v9,cell_cycle_conservation,0.645,0.644,0.138,0.154,0.562,0.82,0.817,0.753,0.595,0.668,0.577,0.164,0.746,0.628,0.828,0.804,0.362,0.667,0.741,0.698,0.577238293288687,0.793210916634921,0.682688476437008,0.740548005757502,0.733946198998322
gtex_v9,clisi,1.0,1.0,0.862,0.911,1.0,1.0,0.999,0.998,0.987,0.984,0.99,0.925,1.0,1.0,0.998,0.999,0.965,0.999,0.998,0.999,0.999519780348285,0.99517955303046,0.998638465984264,0.999744388871802,0.99457754763746
gtex_v9,graph_connectivity,1.0,1.0,0.053,0.192,0.951,0.95,0.733,0.882,0.635,0.639,0.737,0.244,0.985,0.966,0.897,0.944,0.081,0.916,0.905,0.951,0.963641096801216,0.897460256607797,0.936526049600415,0.940785517179141,0.870882844412376
gtex_v9,hvg_overlap,,,,,,,,,,,,,,,,,,,,,,,,,
gtex_v9,ilisi,0.116,0.116,0.307,0.032,0.124,0.032,0.001,0.099,0.193,0.206,0.07,0.091,0.059,0.05,0.074,0.013,0.0,0.078,0.082,0.065,0.0454098733451626,0.0748515311097857,0.0338680562280712,0.0657709287974469,0.0981427439033087
gtex_v9,isolated_label_asw,0.979,0.979,0.484,0.448,0.599,0.599,0.648,0.588,0.628,0.613,0.573,0.469,0.702,0.629,0.536,0.615,0.454,0.595,0.554,0.522,0.568845080211759,0.567242937162519,0.538763005286455,0.579723434522748,0.524344211444259
gtex_v9,isolated_label_f1,1.0,1.0,0.003,0.008,0.09,0.09,0.089,0.074,0.074,0.045,0.014,0.011,0.091,0.104,0.018,0.102,0.08,0.016,0.021,0.024,0.0977224955452162,0.0879162527759844,0.0935596117707891,0.0895209487884009,0.0090884092666545
gtex_v9,kbet,0.949,0.944,0.124,0.039,0.948,0.281,0.156,0.29,0.276,0.303,0.178,0.034,0.311,0.277,0.339,0.208,0.019,0.33,0.346,0.324,0.277544081413527,0.307325695506252,0.245290955026328,0.319740299718165,0.309018661298699
gtex_v9,nmi,1.0,1.0,0.001,0.144,0.829,0.829,0.669,0.759,0.645,0.639,0.639,0.183,0.896,0.841,0.788,0.783,0.395,0.798,0.788,0.82,0.81702153139125,0.742175000683807,0.806289906830814,0.892134450513291,0.754456484691372
gtex_v9,pcr,0.0,0.0,0.999,0.0,0.234,0.0,1.0,0.685,0.618,0.65,0.999,0.028,0.104,0.476,0.0,1.0,0.0,0.0,0.045,0.0,0.0,0.0,0.0,0.0345965361688872,0.0094270616638567
hypomap,ari,1.0,1.0,0.0,0.0,0.273,0.257,0.226,0.471,0.326,0.31,0.436,0.02,0.23,0.244,0.375,0.224,,,,0.415,0.189304146705094,0.224925503338231,0.122672144896075,0.458430406870489,0.395180445384261
hypomap,asw_batch,0.857,0.864,0.75,0.743,0.786,0.854,0.691,0.8,0.733,0.699,0.811,0.827,0.804,0.848,0.845,0.869,,,,0.92,0.729076683521271,0.858942568302155,0.901221692562103,0.713673770427704,0.808306515216827
hypomap,asw_label,0.99,0.99,0.482,0.494,0.61,0.61,0.581,0.642,0.617,0.631,0.627,0.49,0.641,0.571,0.6,0.611,,,,0.577,0.578350991010666,0.558312885463238,0.55177853628993,0.836981862783432,0.61224814504385
hypomap,cell_cycle_conservation,0.487,0.486,0.1,0.073,0.71,0.601,0.737,0.619,0.616,0.59,0.422,0.11,0.73,0.667,0.733,0.737,,,,0.673,0.533811161501099,0.755189756287164,0.822612840060065,0.629099350869915,0.451699902026958
hypomap,clisi,1.0,1.0,0.873,0.874,1.0,1.0,1.0,1.0,1.0,1.0,1.0,0.898,1.0,1.0,1.0,1.0,,,,1.0,1.0,1.0,1.0,1.0,1.0
hypomap,graph_connectivity,1.0,1.0,0.209,0.199,0.905,0.905,0.867,0.915,0.88,0.883,0.814,0.344,0.896,0.916,0.899,0.914,,,,0.899,0.918652394557944,0.92940906651047,0.902715451261818,0.913241264261953,0.880892596671609
hypomap,hvg_overlap,,,,,,,,,,,,,,,,,,,,,,,,,
hypomap,ilisi,0.005,0.005,0.005,0.0,0.005,0.0,0.0,0.001,0.002,0.002,0.0,0.0,0.0,0.0,0.001,0.0,,,,0.0,1.93082265152201e-17,2.89623397728302e-17,1.93082265152201e-17,2.89623397728302e-17,0.0002516880289035
hypomap,isolated_label_asw,0.99,0.99,0.495,0.489,0.325,0.325,0.36,0.314,0.348,0.345,0.245,0.444,0.334,0.39,0.258,0.326,,,,0.342,0.411561153829098,0.506691548041999,0.468637149780989,0.166736960411072,0.392505832016468
hypomap,isolated_label_f1,1.0,1.0,0.002,0.004,0.005,0.004,0.004,0.004,0.004,0.004,0.001,0.003,0.005,0.005,0.003,0.004,,,,0.004,0.0037553648068669,0.0043010752688172,0.0058517555266579,0.0038167938931297,0.0031291908806437
hypomap,kbet,,,,,,,,,,,,,,,,,,,,0.0,0.858164553260344,0.85569399983649,0.864217269851728,0.837948757311258,0.769237615976457
hypomap,nmi,1.0,1.0,0.0,0.003,0.609,0.602,0.581,0.669,0.66,0.661,0.688,0.061,0.601,0.601,0.671,0.595,,,,0.692,0.591692309543163,0.557109703162994,0.509523523397358,0.764030621500593,0.661306672388459
hypomap,pcr,0.499,0.499,0.996,0.0,0.632,0.0,1.0,0.573,0.77,0.781,0.996,0.0,0.297,0.271,0.297,1.0,,,,0.0,0.0299770813254603,0.0,0.0,0.870627734619663,0.429146467799296
mouse_pancreas_atlas,ari,1.0,1.0,0.0,0.12,0.328,0.34,0.103,0.816,0.665,0.662,0.307,0.0,0.878,0.86,0.565,0.565,,,,0.639,0.400665022717374,0.679273977052087,0.242777515442568,0.898900368373164,0.775968419808526
mouse_pancreas_atlas,asw_batch,0.835,0.84,0.702,0.782,0.764,0.89,0.784,0.829,0.653,0.684,0.815,0.771,0.845,0.885,0.871,0.91,,,,0.937,0.843506813049316,0.884797036647797,0.949303567409515,0.768098175525665,0.865071058273315
mouse_pancreas_atlas,asw_label,0.99,0.99,0.477,0.5,0.604,0.604,0.478,0.605,0.519,0.52,0.527,0.494,0.633,0.554,0.604,0.552,,,,0.546,0.539471171796322,0.542529534548521,0.537373166531324,0.728870138525963,0.563230246305466
mouse_pancreas_atlas,cell_cycle_conservation,0.682,0.682,0.027,0.028,0.514,0.814,0.769,0.778,0.584,0.589,0.621,0.027,0.814,0.719,0.846,0.732,,,,0.725,0.78088085093905,0.652145744678823,0.724683123624339,0.690652240329613,0.566724176265141
mouse_pancreas_atlas,clisi,1.0,1.0,0.709,0.833,1.0,1.0,0.995,1.0,0.988,0.993,0.991,0.713,1.0,1.0,1.0,1.0,,,,0.999,1.0,0.997502719942671,0.999756735099214,1.0,0.998502191969799
mouse_pancreas_atlas,graph_connectivity,1.0,1.0,0.273,0.433,0.955,0.955,0.643,0.924,0.831,0.818,0.922,0.262,0.992,0.976,0.972,0.947,,,,0.976,0.986302877595622,0.95261145351896,0.975247617522031,0.976375575587664,0.958981246155369
mouse_pancreas_atlas,hvg_overlap,,,,,,,,,,,,,,,,,,,,,,,,,
mouse_pancreas_atlas,ilisi,0.143,0.143,0.178,0.021,0.142,0.021,0.002,0.088,0.134,0.128,0.063,0.174,0.06,0.044,0.061,0.032,,,,0.045,0.0289181210838248,0.0486287408437448,0.0253961541717321,0.0895808734260084,0.0566475097055074
mouse_pancreas_atlas,isolated_label_asw,0.99,0.99,0.52,0.428,0.79,0.79,0.44,0.722,0.647,0.649,0.679,0.499,0.741,0.708,0.787,0.689,,,,0.516,0.483053743839264,0.654502242803574,0.5908522605896,0.684177324175835,0.622354619204998
mouse_pancreas_atlas,isolated_label_f1,1.0,1.0,0.005,0.014,0.895,0.894,0.224,0.072,0.124,0.131,0.072,0.005,0.973,0.91,0.854,0.764,,,,0.093,0.954918032786885,0.772226926333616,0.874340021119324,0.710506424792139,0.0963120999695214
mouse_pancreas_atlas,kbet,0.855,0.85,0.533,0.0,0.852,0.648,0.727,,,,,0.53,,,,,,,,0.0,0.157327578382971,0.196845908558623,0.123052911139381,0.417133170825014,0.222691593409334
mouse_pancreas_atlas,nmi,1.0,1.0,0.0,0.209,0.683,0.693,0.392,0.787,0.623,0.654,0.539,0.0,0.865,0.848,0.788,0.749,,,,0.781,0.698310264608975,0.693213126228346,0.60884368274282,0.890644632005901,0.801675319434992
mouse_pancreas_atlas,pcr,0.087,0.086,0.999,0.0,0.369,0.0,1.0,0.444,0.83,0.804,0.978,0.999,0.455,0.508,0.275,1.0,,,,0.018,0.0,0.0,0.0,0.576722936501228,0.0263602065698714
