Task	Method	Batch.ARI	Batch.ASW	Graph.iLISI	Batch.NMI	kBET	PCR.batch	Graph.connectivity	Cell.type.ARI	Cell.type.ASW	Graph.cLISI	Cell.type.NMI	HVG.conservation	Trajectory.conservation
task3	SATURN	0.925	0.489	0.125	0.794	0.055	0.916	0.906	0.786	0.807	0.997	0.971		0.653
task3	scGen	1.0	0.486	0.227	0.875	0.165	0.925	0.913	0.649	0.596	0.988	0.765	0.388	0.71
task3	Seurat v4 CCA	0.917	0.484	0.225	0.844	0.133	0.89	0.904	0.514	0.578	0.967	0.574	0.302	0.699
task3	SAMap	1.0		0.007	0.913	0.221		0.743	0.688		0.976	0.62		0.498
task3	scVI	0.928	0.5	0.229	0.833	0.093	0.982	0.914	0.497	0.51	0.947	0.549		0.764
task3	BBKNN	0.661		0.113	0.816	0.052		0.824	0.423		0.985	0.555		0.791
task3	Scanorama	0.79	0.487	0.268	0.758	0.087	0.931	0.842	0.477	0.563	0.963	0.536	0.035	0.67
task3	fastMNN	0.723	0.482	0.091	0.698	0.025	0.858	0.885	0.435	0.523	0.96	0.541	0.9	0.708
task3	Harmony	0.697	0.445	0.058	0.698	0.028	0.7	0.864	0.385	0.513	0.963	0.535		0.639
task3	scVI-rerun	0.9152104647626611	0.4993759939665324	0.25912452969462335	0.8431331893997827	0.1060349834431475	0.9875348196542534	0.9046880942164028	0.467355543645025	0.5090740015264601	0.9476923844152321	0.5551258198111402		0.6714218935402974
task3	scPRINT-2-cell-token-knn	0.870793808988492	0.4648437106981873	0.04095699251782701	0.6260677106959006	0.0283076706478402	0.7895806225572498	0.8579793891593891	0.225091202609579	0.5091406851774082	0.9505973139456286	0.4388418885088644		0.5555539019659722
task3	scPRINT-2-FT-cell-token-legacy-detached-knn	0.6345298954452689	0.4182729519903659	0.028808987955981323	0.6014896145768588	0.0130233459414867	0.5696324295742491	0.7754784587825222	0.374974454487059	0.5223843356594443	0.9484752966641419	0.5029242550278937		0.710063823480716
task3	scPRINT-2-FT-cell-token-mmd003-knn-fresh-scib113		0.8090845763256583	2.220446049250313e-16		0.024076572313516342	0.8404181872522826	0.9491391591191192	0.7145655301353746	0.6560941487550735	0.9975708851973454	0.7720446100118631		
task3	scPRINT-2-ZS-cell-token-knn-fresh-scib113		0.8600782329916516	0.014798903994343693		0.04323023315839292	0.686476055998853	0.929900432928122	0.48805445502740924	0.5117638558149338	0.9501137229522828	0.573382863749512		
task3	scPRINT-2-ZS-all-tokens-except-assay-organism-pca50-fresh-scib113		0.7968822411562202	0.0		0.0010247784565086127	0.3470619502978111	0.9514643449462098	0.524938240891717	0.542482253164053	0.9922577365974319	0.6662172175626799		
task3	PCA-50	0.407552132177573	0.3835542429238557	0.00013009823103023787	0.5213143153701028	0.0	1.4414875610078668e-06	0.681497618904154	0.385483705410051	0.5347588981501759	0.9701110595567037	0.5396980609117906		0.7535848723464111
task3	Random-seed42-50D	0.9999856651401554	0.4999524062933232	0.832870943155909	0.9990982981190359	0.9303908823735983	0.9999166306187576	0.5026585803654993	-4.0492557429931e-06	0.4863533647730946	0.6486188816724444	0.0068412397416942		0.4988857854296796
task3	TranscriptFormer-Metazoa	0.7434115782782811	0.4557162931188941	0.01733040305910632	0.5891929061739256	0.0089996947931987	0.6061925789086788	0.8876317459116416	0.313251620570045	0.5093473959947005	0.9643737704777071	0.5386452509856382		0.5289063017678807
task3	TranscriptFormer-Metazoa-fresh-scib113		0.839494226729599	2.220446049250313e-16		0.0051407553987783405	0.6061926097904377	0.9837254471649298	0.6283630047540973	0.5226457845419645	0.9941584691582046	0.7203108088890514		
