Embedding,Isolated labels,KMeans NMI,KMeans ARI,Silhouette label,cLISI,BRAS,iLISI,KBET,Graph connectivity,PCR comparison,Batch correction,Bio conservation,Total
scPRINT-1,0.47977617,0.2731782270795753,0.17333626761210988,0.4791126511991024,0.9283426449849055,0.74166167,0.005196332931518555,0.014065850956553851,0.7283780871447914,0.6644351659279896,0.430747420956929,0.4667491929411451,0.45234848414745865
scPRINT-1-cell-token,0.49569425,0.36891482625780697,0.23054953608703804,0.4916572589427233,0.9478627718411959,0.78193414,0.009135961532592773,0.006964879997701167,0.7476757623086865,0.723362876585113,0.45381472450736504,0.5069357285994315,0.4856873269626049
scPRINT-1-token-concat-pca50,0.48406518,0.24931556594220775,0.1441272304343966,0.4850025428459048,0.9162524480086106,0.7302676,0.010774970054626465,0.04067002173816411,0.677744851612861,0.7221740537997805,0.43632629630586306,0.4557525924575154,0.44798207399685447
scPRINT-2,0.50810987,0.4619815567201005,0.2996490740687661,0.5062922379001975,0.9852349207951472,0.63082623,0.0,0.0022947475777664456,0.8040903053878559,0.3170270110399767,0.35084765976462073,0.5522535314113991,0.47169118275268773
scPRINT-2-cell-token,0.50119734,0.38888421167025733,0.24692930811326377,0.497374493163079,0.9915281992692214,0.73310465,1.1920928955078125e-07,0.03497617890539473,0.8490346075069117,0.758003880913436,0.4750238865481868,0.525182710064014,0.5051191806576831
scPRINT-2-token-concat-pca50,0.51127046,0.41344669431762154,0.24929752690393248,0.5069747609086335,0.9871633786421555,0.5404408,0.0,0.0030627871362940277,0.8567430987710833,0.1017223605489569,0.3003938088524241,0.5336305648477975,0.4403358624496481
scPRINT-2-FT,0.55763763,0.626789019209221,0.5273000072025609,0.557226151227951,0.9995652162111722,0.8002081,0.0,0.0012748597654258032,0.8424656763497479,0.6476818706265943,0.4583260996955216,0.6537036051488126,0.5755526029674962
scPRINT-2-FT-cell-token,0.49492607,0.4510839745532009,0.3261964700104172,0.5145011562854052,0.9869289581592267,0.77835256,0.05428767204284668,0.19919164237500298,0.8404802500249965,0.9929761688637472,0.5730576583838833,0.5547273248429555,0.5620594582593266
scPRINT-2-FT-token-concat-pca50,0.57376176,0.6342333932882339,0.5353570142258983,0.575117327272892,0.9995187704379742,0.69339156,0.0,0.002913443737517071,0.8852667472319177,0.5962225260598156,0.4355588557074858,0.663597653282701,0.572382134252615
TranscriptFormer-Metazoa,0.5200241,0.5025283649129485,0.32655349782391035,0.5226457789540291,0.9990779986748328,0.6691347,0.0,0.0019506222477171542,0.8932886431874277,0.6295496162716019,0.43878471163263966,0.5741659522346737,0.5200134559938601
X_pca,0.6000841,0.680803646460865,0.5786224366720749,0.5982154011726379,0.9999999816601093,0.49610895,0.0,0.00017001020061203673,0.8980093932455241,0.0,0.27885767052611077,0.6915451183922647,0.5264701392458031
random,0.49730873,0.0009766358548226322,-0.00010202601209163599,0.4970975664909929,0.6054364351125864,0.9931176,0.8589637279510498,0.9438450938196097,0.09123529568525221,0.9998786959642914,0.7774080768594556,0.3201434685050824,0.5030493118468317
Metric Type,Bio conservation,Bio conservation,Bio conservation,Bio conservation,Bio conservation,Batch correction,Batch correction,Batch correction,Batch correction,Batch correction,Aggregate score,Aggregate score,Aggregate score
