,published,rerun,delta
Batch.ARI,0.928,0.9152104647626612,-0.012789535237338834
Batch.ASW,0.5,0.4993759939665324,-0.0006240060334675723
Graph.iLISI,0.229,0.2591245296946233,0.030124529694623287
Batch.NMI,0.833,0.8431331893997827,0.010133189399782694
kBET,0.093,0.1060349834431475,0.013034983443147505
PCR.batch,0.982,0.9875348196542534,0.005534819654253398
Graph.connectivity,0.914,0.9046880942164028,-0.009311905783597196
Cell.type.ARI,0.497,0.467355543645025,-0.02964445635497498
Cell.type.ASW,0.51,0.5090740015264601,-0.0009259984735399129
Graph.cLISI,0.947,0.947692384415232,0.0006923844152320058
Cell.type.NMI,0.549,0.5551258198111402,0.006125819811140132
HVG.conservation,,,
Trajectory.conservation,0.764,0.6714218935402974,-0.09257810645970266
