Task,Method,Batch.ARI,Batch.ASW,Graph.iLISI,Batch.NMI,kBET,PCR.batch,Graph.connectivity,Cell.type.ARI,Cell.type.ASW,Graph.cLISI,Cell.type.NMI,HVG.conservation,Trajectory.conservation
task3,SATURN,0.925,0.489,0.125,0.794,0.055,0.916,0.906,0.786,0.807,0.997,0.971,,0.653
task3,scGen,1.0,0.486,0.227,0.875,0.165,0.925,0.913,0.649,0.596,0.988,0.765,0.388,0.71
task3,Seurat v4 CCA,0.917,0.484,0.225,0.844,0.133,0.89,0.904,0.514,0.578,0.967,0.574,0.302,0.699
task3,SAMap,1.0,,0.007,0.913,0.221,,0.743,0.688,,0.976,0.62,,0.498
task3,scVI,0.928,0.5,0.229,0.833,0.093,0.982,0.914,0.497,0.51,0.947,0.549,,0.764
task3,BBKNN,0.661,,0.113,0.816,0.052,,0.824,0.423,,0.985,0.555,,0.791
task3,Scanorama,0.79,0.487,0.268,0.758,0.087,0.931,0.842,0.477,0.563,0.963,0.536,0.035,0.67
task3,fastMNN,0.723,0.482,0.091,0.698,0.025,0.858,0.885,0.435,0.523,0.96,0.541,0.9,0.708
task3,Harmony,0.697,0.445,0.058,0.698,0.028,0.7,0.864,0.385,0.513,0.963,0.535,,0.639
task3,scvi_paper,0.9152104647626611,0.4993759939665324,0.25912452969462335,0.8431331893997827,0.1060349834431475,0.9875348196542534,0.9046880942164028,0.467355543645025,0.5090740015264601,0.9476923844152321,0.5551258198111402,,0.6714218935402974
